sn,BN,TN,instructed_hand,instructed_finger,force_center,success,r1,r2,r3,r4,r5,l1,l2,l3,l4,l5,Br1,Br2,Br3,Br4,Br5,Bl1,Bl2,Bl3,Bl4,Bl5,MD_p,MD_r1,MD_r2,MD_r3,MD_r4,MD_r5,MD_l1,MD_l2,MD_l3,MD_l4,MD_l5
s101,1,1,1,2,0.6,True,0.0,0.6456135743569542,0.056233981607115936,0.07275937030390568,0.10960349766319916,1.0,1.0,1.0,1.0,1.0,0.0,0.05556207233626589,0.04785923753665689,0.06498533724340176,0.10842619745845553,1.0,1.0,1.0,1.0,1.0,0.004376522784691707,0.0,-1.0,0.006780982126880606,0.007154165442598643,0.0016704764488540656,0.0,0.0,0.0,0.0,0.0
s101,1,2,1,3,0.2,True,0.0,0.07659648969230097,0.2541787640487689,0.08066704600166325,0.10716699980060597,1.0,1.0,1.0,1.0,1.0,0.0,0.06877810361681329,0.056187683284457474,0.07788856304985338,0.1116715542521994,1.0,1.0,1.0,1.0,1.0,0.0046787640851642,0.0,0.006929374572336128,-1.0,0.004894746376083358,0.004800606263644489,0.0,0.0,0.0,0.0,0.0
s101,1,3,1,5,0.6,True,0.0,0.07080433609080695,0.06808090534619182,0.18382184872314866,0.7026402688415206,1.0,1.0,1.0,1.0,1.0,0.0,0.06318670576735093,0.06916911045943304,0.06842619745845552,0.10752688172043011,1.0,1.0,1.0,1.0,1.0,0.03755999165669285,0.0,0.006694739114426135,0.0020554117452486246,0.08967239194052178,-1.0,0.0,0.0,0.0,0.0,0.0
s101,1,4,1,5,0.2,True,0.0,0.06943289418012576,0.05846135889467618,0.10963754054750685,0.33497225504928924,1.0,1.0,1.0,1.0,1.0,0.0,0.06017595307917889,0.0469208211143695,0.06565004887585532,0.11835777126099707,1.0,1.0,1.0,1.0,1.0,0.019087948226995805,0.0,0.008108815867692671,0.010441068167106646,0.041699228438231484,-1.0,0.0,0.0,0.0,0.0,0.0
s101,1,5,1,2,0.6,True,0.0,0.6397290186409108,0.07195693088808158,0.08023421504403691,0.12503465079295606,1.0,1.0,1.0,1.0,1.0,0.0,0.06553274682306941,0.05767350928641251,0.0732355816226784,0.12512218963831867,1.0,1.0,1.0,1.0,1.0,0.005928734569904609,0.0,-1.0,0.01220010557607271,0.0065096152608204805,0.0015031078842407668,0.0,0.0,0.0,0.0,0.0
s101,1,6,1,2,0.2,True,0.0,0.26269921166406485,0.06143767963700558,0.07083351570592784,0.12293858177343975,1.0,1.0,1.0,1.0,1.0,0.0,0.07249266862170088,0.052238514173998045,0.06842619745845552,0.12645161290322582,1.0,1.0,1.0,1.0,1.0,0.004562797221346585,0.0,-1.0,0.008574465787527049,0.0032096825972255704,0.0027236385749002724,0.0,0.0,0.0,0.0,0.0
s101,1,7,1,1,0.2,True,0.19793019263409248,0.08650296902583855,0.0665878817058403,0.08347801559164102,0.1173944549004732,1.0,1.0,1.0,1.0,1.0,0.0,0.07925708699902248,0.06267839687194526,0.0713978494623656,0.12512218963831867,1.0,1.0,1.0,1.0,1.0,0.005751891239462018,-1.0,0.005613739472725642,0.003095497714090149,0.009308658412771642,0.006938667194111845,0.0,0.0,0.0,0.0,0.0
s101,1,8,1,4,0.2,True,0.0,0.07657703661555372,0.08126522811164122,0.2636475491554933,0.13301041225932897,1.0,1.0,1.0,1.0,1.0,0.0,0.07272727272727274,0.06447702834799608,0.0679960899315738,0.10518084066471163,1.0,1.0,1.0,1.0,1.0,0.010229316737507287,0.0,0.00322394035449009,0.013206758583530076,-1.0,0.02209419586415063,0.0,0.0,0.0,0.0,0.0
s101,1,9,1,3,0.2,True,0.0,0.08157647733959722,0.24016768552156129,0.0745539166338396,0.12329360042407707,1.0,1.0,1.0,1.0,1.0,0.0,0.07745845552297165,0.061153470185728254,0.06694037145650049,0.124613880742913,1.0,1.0,1.0,1.0,1.0,0.0033807445434666425,0.0,0.0036805767299373003,-1.0,0.006547202619888423,0.0013081627816901363,0.0,0.0,0.0,0.0,0.0
s101,1,10,1,4,0.2,True,0.0,0.07043959090179601,0.06775506631067536,0.2679953118085039,0.13084139420201046,1.0,1.0,1.0,1.0,1.0,0.0,0.07824046920821115,0.06346041055718475,0.06619745845552297,0.12218963831867058,1.0,1.0,1.0,1.0,1.0,0.006153752883270259,0.0,0.009007701113009317,0.005247433209744984,-1.0,0.006941444937708411,0.0,0.0,0.0,0.0,0.0
s101,1,11,1,2,0.4,True,0.0,0.45866464354668496,0.05600054468614892,0.0652164397951591,0.12236957927858265,1.0,1.0,1.0,1.0,1.0,0.0,0.07624633431085044,0.05571847507331378,0.06838709677419354,0.12332355816226784,1.0,1.0,1.0,1.0,1.0,0.001855750376906301,0.0,-1.0,0.002304082398889118,0.003123090291843148,0.00138323519247894,0.0,0.0,0.0,0.0,0.0
s101,1,12,1,2,0.6,True,0.0,0.6431965295711083,0.06550823594636787,0.06722983323849958,0.12218477504948377,1.0,1.0,1.0,1.0,1.0,0.0,0.06913000977517106,0.06256109481915934,0.06826979472140762,0.12218963831867058,1.0,1.0,1.0,1.0,1.0,0.0011440984376237437,0.0,-1.0,0.002330978550481412,0.0014758545237981498,0.0005714393900696919,0.0,0.0,0.0,0.0,0.0
s101,1,13,1,1,0.6,True,0.5958380142299257,0.10614085000218848,0.09600579701687068,0.112438783599111,0.11933489930601149,1.0,1.0,1.0,1.0,1.0,0.0,0.08086021505376344,0.07534701857282503,0.0698338220918866,0.12304985337243401,1.0,1.0,1.0,1.0,1.0,0.01969191496086045,-1.0,0.02016203004324935,0.018630398014452633,0.03551499268312223,0.0030567854077830667,0.0,0.0,0.0,0.0,0.0
s101,1,14,1,1,0.6,True,0.6015863984087383,0.13101647189273574,0.1101141409278145,0.10945273631840796,0.11634398875612165,1.0,1.0,1.0,1.0,1.0,0.0,0.08148582600195503,0.0801564027370479,0.06674486803519061,0.11632453567937438,1.0,1.0,1.0,1.0,1.0,0.026511505637244668,-1.0,0.03853259286414551,0.025520760623641604,0.04047238715170813,0.0004560057899542614,0.0,0.0,0.0,0.0,0.0
s101,1,15,1,5,0.2,True,0.0,0.09801919046021115,0.08412483039348712,0.12282672658214305,0.30126493631549,1.0,1.0,1.0,1.0,1.0,0.0,0.06619745845552297,0.0795307917888563,0.06611925708699902,0.11483870967741935,1.0,1.0,1.0,1.0,1.0,0.021842059280696276,0.0,0.025344824291371536,0.0038290884898931517,0.045674010192545605,-1.0,0.0,0.0,0.0,0.0,0.0
s101,1,16,1,1,0.2,True,0.22242647952806838,0.08913399765590425,0.08464033692728927,0.0989869810283869,0.12739819961774704,1.0,1.0,1.0,1.0,1.0,0.0,0.08308895405669599,0.08238514173998045,0.06842619745845552,0.12918866080156402,1.0,1.0,1.0,1.0,1.0,0.012828606917540956,-1.0,0.005017281965170927,0.0021855175121862965,0.027981948572205595,0.0019886436654372964,0.0,0.0,0.0,0.0,0.0
s101,1,17,1,2,0.6,True,0.0,0.6521109019905361,0.06297447270003842,0.0684164709200819,0.11943702795893456,1.0,1.0,1.0,1.0,1.0,0.0,0.07347018572825025,0.06248289345063539,0.06807429130009775,0.1270772238514174,1.0,1.0,1.0,1.0,1.0,0.002541464621726424,0.0,-1.0,0.0008737519615161691,0.0008381871803517792,0.0057213125600324155,0.0,0.0,0.0,0.0,0.0
s101,1,18,1,5,0.2,True,0.0,0.09271336377739843,0.05909844715814865,0.11487528146170418,0.3152857413810712,1.0,1.0,1.0,1.0,1.0,0.0,0.08695992179863148,0.06256109481915934,0.06635386119257086,0.1203128054740958,1.0,1.0,1.0,1.0,1.0,0.016823906683696543,0.0,0.005284485351798062,0.0029983220566280186,0.0395350129799615,-1.0,0.0,0.0,0.0,0.0,0.0
s101,1,19,1,5,0.4,True,0.0,0.09032549860667338,0.06488087422126902,0.13448398282293322,0.5073994640677356,1.0,1.0,1.0,1.0,1.0,0.0,0.08504398826979472,0.06256109481915934,0.06611925708699902,0.12918866080156402,1.0,1.0,1.0,1.0,1.0,0.02494780125561616,0.0,0.004456401925881201,0.002309263273288665,0.05688249195754421,-1.0,0.0,0.0,0.0,0.0,0.0
s101,1,20,1,5,0.4,True,0.0,0.08265125982988285,0.06872772014803791,0.1275343711549778,0.5100596723129222,1.0,1.0,1.0,1.0,1.0,0.0,0.07608993157380255,0.06787878787878787,0.07374389051808407,0.12234604105571847,1.0,1.0,1.0,1.0,1.0,0.020786937674334795,0.0,0.005872153731242527,0.0014487083806399795,0.048567783733270094,-1.0,0.0,0.0,0.0,0.0,0.0
s101,1,21,1,2,0.6,True,0.0,0.6488768279813056,0.06842619745845552,0.07302198683999357,0.1239939111869781,1.0,1.0,1.0,1.0,1.0,0.0,0.07249266862170088,0.06557184750733137,0.06772238514173998,0.12868035190615834,1.0,1.0,1.0,1.0,1.0,0.0030382879060315156,0.0,-1.0,0.0026007809121387318,0.004688168559553251,0.0037955818739894894,0.0,0.0,0.0,0.0,0.0
s101,1,22,1,1,0.2,True,0.21000569002494857,0.08917776707858556,0.07351804029704848,0.0933796316559918,0.11493364069194593,1.0,1.0,1.0,1.0,1.0,0.0,0.07210166177908114,0.06439882697947213,0.06463343108504399,0.10932551319648094,1.0,1.0,1.0,1.0,1.0,0.011932162012911652,-1.0,0.013712556925512077,0.007455133156415169,0.0232537631730047,0.004764523375713672,0.0,0.0,0.0,0.0,0.0
s101,1,23,1,2,0.4,True,0.0,0.46887750883899176,0.0639957592292691,0.06528452556377448,0.11370323358768232,1.0,1.0,1.0,1.0,1.0,0.0,0.08297165200391006,0.06717497556207233,0.06916911045943304,0.1160117302052786,1.0,1.0,1.0,1.0,1.0,0.0026163274392786997,0.0,-1.0,0.003153086579445572,0.003858420851690578,0.002624292639225835,0.0,0.0,0.0,0.0,0.0
s101,1,24,1,2,0.4,True,0.0,0.47218939515521124,0.06617450382496122,0.06774533977230174,0.11026003900341888,1.0,1.0,1.0,1.0,1.0,0.0,0.058572825024437926,0.06791788856304985,0.06869990224828934,0.10850439882697947,1.0,1.0,1.0,1.0,1.0,0.0011823482721553757,0.0,-1.0,0.0016407359404847239,0.0013108490915547896,0.0015512691107990083,0.0,0.0,0.0,0.0,0.0
s101,1,25,1,5,0.2,True,0.0,0.08352664828350914,0.0721125555020596,0.11124241937915505,0.31584501733755466,1.0,1.0,1.0,1.0,1.0,0.0,0.07311827956989247,0.06721407624633431,0.0684652981427175,0.11139784946236558,1.0,1.0,1.0,1.0,1.0,0.01623586145777158,0.0,0.00849247778585152,0.00402913611741306,0.03603010247718218,-1.0,0.0,0.0,0.0,0.0,0.0
s101,1,26,1,2,0.2,True,0.0,0.2746871702095583,0.06433618807234599,0.0670061228559062,0.12514164271506592,1.0,1.0,1.0,1.0,1.0,0.0,0.07307917888563051,0.06690127077223851,0.0681524926686217,0.12512218963831867,1.0,1.0,1.0,1.0,1.0,0.001408883027690458,0.0,-1.0,0.0021675526873960642,0.0019745600528316303,0.000555368074853069,0.0,0.0,0.0,0.0,0.0
s101,1,27,1,3,0.2,True,0.0,0.08980999207287123,0.24176283781483587,0.08043360908069623,0.1151476245361657,1.0,1.0,1.0,1.0,1.0,0.0,0.08289345063538611,0.06658846529814272,0.06940371456500488,0.11440860215053764,1.0,1.0,1.0,1.0,1.0,0.005813649640988707,0.0,0.009021013499619977,-1.0,0.009564197482803963,0.000745795456095392,0.0,0.0,0.0,0.0,0.0
s101,1,28,1,1,0.6,True,0.5996556805415736,0.09788301892298042,0.10087392947287026,0.12502978752376923,0.12344436176886826,1.0,1.0,1.0,1.0,1.0,0.0,0.06170087976539589,0.05732160312805474,0.0684652981427175,0.11558162267839686,1.0,1.0,1.0,1.0,1.0,0.028803988273351396,-1.0,0.02901087793065698,0.034291809789384856,0.04806593678036903,0.006260710266568749,0.0,0.0,0.0,0.0,0.0
s101,1,29,1,3,0.2,True,0.0,0.07179157973572996,0.27795528710309647,0.07840076256060849,0.11138345418557262,1.0,1.0,1.0,1.0,1.0,0.0,0.06451612903225806,0.05180840664711633,0.06776148582600194,0.11241446725317693,1.0,1.0,1.0,1.0,1.0,0.0053301479072248095,0.0,0.006890442827334151,-1.0,0.010013709291784316,0.0009377818308371277,0.0,0.0,0.0,0.0,0.0
s101,1,30,1,3,0.4,True,0.0,0.07682992661326797,0.44050033313393927,0.07916429582293809,0.11407284204588009,1.0,1.0,1.0,1.0,1.0,0.0,0.06791788856304985,0.05966764418377322,0.06780058651026392,0.1130791788856305,1.0,1.0,1.0,1.0,1.0,0.005528735078939255,0.0,0.007605280120406027,-1.0,0.009865278730283021,0.0010680302146089833,0.0,0.0,0.0,0.0,0.0
s101,2,31,1,5,0.6,False,0.0023684120939778137,0.07761291295234483,0.07796793160298215,0.20481658180261936,0.6888042680050384,1.0,1.0,1.0,1.0,1.0,0.0,0.07049853372434019,0.06956011730205278,0.06991202346041055,0.09943304007820136,1.0,1.0,1.0,1.0,1.0,0.05655430584122326,0.003456507190052762,0.007645358034678754,0.006439920646983945,0.1226698445801734,-1.0,0.0,0.0,0.0,0.0,0.0
s101,2,32,1,3,0.2,True,0.0,0.06691858401054356,0.25683897229395547,0.09029145572236569,0.1177348837435501,1.0,1.0,1.0,1.0,1.0,0.0,0.06956011730205278,0.07296187683284458,0.0813685239491691,0.127663734115347,1.0,1.0,1.0,1.0,1.0,0.012103488362828532,0.0,0.03994859715792008,-1.0,0.007506357522589241,0.008055607650451867,0.0,0.0,0.0,0.0,0.0
s101,2,33,1,4,0.4,True,0.0,0.06943289418012576,0.08385248731902559,0.44551922693473006,0.16684417599198534,1.0,1.0,1.0,1.0,1.0,0.0,0.06263929618768328,0.06885630498533724,0.0699902248289345,0.11925708699902249,1.0,1.0,1.0,1.0,1.0,0.01978975842131411,0.0,0.006181918868651414,0.010735495314658876,-1.0,0.04215142386736138,0.0,0.0,0.0,0.0,0.0
s101,2,34,1,3,0.6,True,0.0,0.06645171016860954,0.6349338352227134,0.09933713640983742,0.1324219566877246,1.0,1.0,1.0,1.0,1.0,0.0,0.06670576735092863,0.07096774193548387,0.07421309872922777,0.12836754643206255,1.0,1.0,1.0,1.0,1.0,0.00995506542459668,0.0,0.0023888461095310726,-1.0,0.022218539067351415,0.0033428226684639717,0.0,0.0,0.0,0.0,0.0
s101,2,35,1,4,0.4,True,0.0,0.06787664804034567,0.10299431483832062,0.4496432792051473,0.15339723669044805,1.0,1.0,1.0,1.0,1.0,0.0,0.06334310850439882,0.08344086021505376,0.06647116324535679,0.12699902248289344,1.0,1.0,1.0,1.0,1.0,0.011416492249470533,0.0,0.0037455790764845034,0.015559835079173303,-1.0,0.021266371179514583,0.0,0.0,0.0,0.0,0.0
s101,2,36,1,5,0.6,True,0.013349673917801024,0.07138306512403768,0.06705475554777432,0.35603507389737526,0.7090597841681134,1.0,1.0,1.0,1.0,1.0,0.0,0.06283479960899316,0.06514173998044966,0.07307917888563051,0.12218963831867058,1.0,1.0,1.0,1.0,1.0,0.10358747731251333,0.015792272161684762,0.007936564362729596,0.0024510270623352643,0.24014204105261958,-1.0,0.0,0.0,0.0,0.0,0.0
s101,2,37,1,4,0.4,True,0.0,0.07313870530047709,0.09103553590794804,0.4763329005023757,0.12865778633713154,1.0,1.0,1.0,1.0,1.0,0.0,0.07284457478005865,0.07378299120234605,0.07194525904203324,0.10850439882697947,1.0,1.0,1.0,1.0,1.0,0.009624526840217766,0.0,0.0011635891689139955,0.01457415951635349,-1.0,0.017061817942658892,0.0,0.0,0.0,0.0,0.0
s101,2,38,1,3,0.4,True,0.0,0.07513750893625712,0.462740063125234,0.1023718163824086,0.10939924035735302,1.0,1.0,1.0,1.0,1.0,0.0,0.053176930596285435,0.038162267839687194,0.06228739002932551,0.0715542521994135,1.0,1.0,1.0,1.0,1.0,0.024927089095129792,0.0,0.016306282390686894,-1.0,0.03261334421251963,0.035882397679849805,0.0,0.0,0.0,0.0,0.0
s101,2,39,1,5,0.2,True,0.0,0.07092105455129047,0.06247841924298352,0.11156339514548469,0.3293551791385205,1.0,1.0,1.0,1.0,1.0,0.0,0.0647507331378299,0.05442815249266862,0.07628543499511242,0.10686217008797654,1.0,1.0,1.0,1.0,1.0,0.019867201024603664,0.0,0.005170910204416728,0.006578757063182616,0.04455835242999563,-1.0,0.0,0.0,0.0,0.0,0.0
s101,2,40,1,1,0.4,True,0.4207895031197872,0.0989821177592001,0.08648837921827811,0.11483151203902286,0.1439576311988445,1.0,1.0,1.0,1.0,1.0,0.0,0.066158357771261,0.06666666666666667,0.07624633431085044,0.1309090909090909,1.0,1.0,1.0,1.0,1.0,0.02429718840392007,-1.0,0.03316404052262693,0.01833343648053483,0.034920230628041,0.011295213123484209,0.0,0.0,0.0,0.0,0.0
s101,2,41,1,3,0.6,True,0.0,0.07526881720430108,0.6296085554631534,0.08420750596966292,0.10689465672614444,1.0,1.0,1.0,1.0,1.0,0.0,0.06877810361681329,0.0737047898338221,0.07562072336265885,0.10752688172043011,1.0,1.0,1.0,1.0,1.0,0.005065719814070853,0.0,0.005537874020111623,-1.0,0.009546611210567582,0.00204159987332429,0.0,0.0,0.0,0.0,0.0
s101,2,42,1,4,0.6,False,0.0,0.06729791900711496,0.1250930100231978,0.652295706219635,0.13208152784464774,1.0,1.0,1.0,1.0,1.0,0.0,0.06623655913978495,0.09161290322580645,0.07260997067448681,0.10811339198435972,1.0,1.0,1.0,1.0,1.0,0.013282318983719541,0.0,0.0015511754575347446,0.025150297829506417,-1.0,0.017784591041511286,0.0,0.0,0.0,0.0,0.0
s101,2,43,1,3,0.6,True,0.0,0.08680449171542094,0.6528258025609975,0.10173472811893612,0.11450080973431961,1.0,1.0,1.0,1.0,1.0,0.0,0.05865102639296188,0.06701857282502444,0.0713978494623656,0.11393939393939394,1.0,1.0,1.0,1.0,1.0,0.01631378344200971,0.0,0.024301915206246964,-1.0,0.026811105211613357,0.0012033442165350643,0.0,0.0,0.0,0.0,0.0
s101,2,44,1,1,0.6,True,0.6129129523448252,0.1223160833175277,0.12343949849968146,0.1294456359453952,0.12265164889141779,1.0,1.0,1.0,1.0,1.0,0.0,0.06471163245356794,0.06713587487781036,0.07245356793743891,0.11120234604105572,1.0,1.0,1.0,1.0,1.0,0.043194416259012394,-1.0,0.06409885130357303,0.04577450638061012,0.04876544706265562,0.00962398448509466,0.0,0.0,0.0,0.0,0.0
s101,2,45,1,1,0.6,True,0.6011584307202987,0.12128507024992341,0.1104594330400782,0.11715615471031937,0.11021140631155076,1.0,1.0,1.0,1.0,1.0,0.0,0.07530791788856306,0.06928641251221895,0.07186705767350929,0.10170087976539591,1.0,1.0,1.0,1.0,1.0,0.040278551746049183,-1.0,0.08928159440863827,0.03218061264920692,0.035786482663879654,0.0067005781901117,0.0,0.0,0.0,0.0,0.0
s101,2,46,1,2,0.2,True,0.0,0.27049016890133887,0.08457225115867388,0.071271209932741,0.09792678834566172,1.0,1.0,1.0,1.0,1.0,0.0,0.08629521016617792,0.08359726295210165,0.069208211143695,0.09755620723362658,1.0,1.0,1.0,1.0,1.0,0.00206036624505892,0.0,-1.0,0.0030973574496192453,0.0033864587364534665,0.0017427794503871847,0.0,0.0,0.0,0.0,0.0
s101,2,47,1,2,0.4,True,0.0,0.4443909484833895,0.06322249942856586,0.06771616015718085,0.10251771445801297,1.0,1.0,1.0,1.0,1.0,0.0,0.04652981427174976,0.022991202346041056,0.0187683284457478,0.09380254154447702,1.0,1.0,1.0,1.0,1.0,0.028441646391098308,0.0,-1.0,0.03433094316836149,0.04642762759852126,0.007862384561860546,0.0,0.0,0.0,0.0,0.0
s101,2,48,1,3,0.2,True,0.0,0.07594481162126805,0.28081488938494237,0.08028771100509186,0.10848494575023222,1.0,1.0,1.0,1.0,1.0,0.0,0.06819159335288368,0.05532746823069404,0.0686217008797654,0.10752688172043011,1.0,1.0,1.0,1.0,1.0,0.005500796066661191,0.0,0.00628038115386924,-1.0,0.01050311972908564,0.0011545721530069118,0.0,0.0,0.0,0.0,0.0
s101,2,49,1,1,0.6,True,0.6034782101224084,0.08905618534891524,0.09797055776834304,0.10838281709730915,0.11600842318223156,1.0,1.0,1.0,1.0,1.0,0.0,0.06408602150537634,0.059042033235581624,0.0699902248289345,0.10901270772238514,1.0,1.0,1.0,1.0,1.0,0.024768742572066738,-1.0,0.023096702814445043,0.03566553614518662,0.03404393494139462,0.0066262744686291135,0.0,0.0,0.0,0.0,0.0
s101,2,50,1,1,0.4,True,0.40667629593965654,0.07371257106452099,0.07843966871410299,0.09380759934443131,0.11533729203445141,1.0,1.0,1.0,1.0,1.0,0.0,0.06678396871945258,0.0699902248289345,0.06842619745845552,0.1104594330400782,1.0,1.0,1.0,1.0,1.0,0.009050554868972384,-1.0,0.005485695724145289,0.006502564051882303,0.019355965491163758,0.0038092055863473808,0.0,0.0,0.0,0.0,0.0
s101,2,51,1,3,0.6,True,0.0,0.07550225412526809,0.6341848917679442,0.0882002499720362,0.11409229512262734,1.0,1.0,1.0,1.0,1.0,0.0,0.06256109481915934,0.07135874877810362,0.06451612903225806,0.11042033235581622,1.0,1.0,1.0,1.0,1.0,0.01043796177155272,0.0,0.011313828916673227,-1.0,0.020261694870380917,0.0030503234694492522,0.0,0.0,0.0,0.0,0.0
s101,2,52,1,5,0.2,True,0.0,0.05697319852351147,0.07178185319735632,0.10378216444658428,0.3074266983751818,1.0,1.0,1.0,1.0,1.0,0.0,0.057986314760508306,0.06760508308895405,0.06842619745845552,0.10850439882697947,1.0,1.0,1.0,1.0,1.0,0.012969827528695216,0.0,0.003518568480436622,0.0038596353394108047,0.029620081794727273,-1.0,0.0,0.0,0.0,0.0,0.0
s101,2,53,1,4,0.2,True,0.0,0.06717633727744464,0.09127869936728869,0.2918301940930732,0.1399551606580976,1.0,1.0,1.0,1.0,1.0,0.0,0.0590811339198436,0.07151515151515152,0.0693646138807429,0.12512218963831867,1.0,1.0,1.0,1.0,1.0,0.008408067184837425,0.0,0.0064622471561984985,0.01557537140652041,-1.0,0.011681251517676846,0.0,0.0,0.0,0.0,0.0
s101,2,54,1,3,0.4,True,0.0,0.07570164816192741,0.43343886627468714,0.08658564460201436,0.1278747999980547,1.0,1.0,1.0,1.0,1.0,0.0,0.060566959921798634,0.07730205278592375,0.07319648093841642,0.1295014662756598,1.0,1.0,1.0,1.0,1.0,0.007385871698040868,0.0,0.012285923869865482,-1.0,0.011329583512479828,0.001669951509946547,0.0,0.0,0.0,0.0,0.0
s101,2,55,1,1,0.4,True,0.4229585211771057,0.07580864008403729,0.0907145601416184,0.10940410362653984,0.1346590605136585,1.0,1.0,1.0,1.0,1.0,0.0,0.03624633431085044,0.022834799608993157,0.06451612903225806,0.12512218963831867,1.0,1.0,1.0,1.0,1.0,0.035249522326767695,-1.0,0.0326544673578765,0.058371354877350796,0.03632107103413613,0.007918611290644738,0.0,0.0,0.0,0.0,0.0
s101,2,56,1,4,0.6,True,0.0,0.05326738740316015,0.12383342330381328,0.6471941368426684,0.1639310777490845,1.0,1.0,1.0,1.0,1.0,0.0,0.049032258064516124,0.0518475073313783,0.0681524926686217,0.10752688172043011,1.0,1.0,1.0,1.0,1.0,0.03208838973775953,0.0,0.004612333142422361,0.06014855491649155,-1.0,0.04258122760809297,0.0,0.0,0.0,0.0,0.0
s101,2,57,1,3,0.4,True,0.0,0.06535747460157668,0.45639836010563023,0.07959226351137762,0.1282152288411316,1.0,1.0,1.0,1.0,1.0,0.0,0.05513196480938416,0.03565982404692082,0.06670576735092863,0.12997067448680352,1.0,1.0,1.0,1.0,1.0,0.007730197942075319,0.0,0.009353887078823927,-1.0,0.014006389079985637,0.0014864957045561615,0.0,0.0,0.0,0.0,0.0
s101,2,58,1,5,0.6,True,0.0,0.05995924580421451,0.07134902223973,0.1867203571584891,0.7108689203056079,1.0,1.0,1.0,1.0,1.0,0.0,0.05626588465298143,0.06240469208211144,0.07214076246334311,0.12621700879765396,1.0,1.0,1.0,1.0,1.0,0.06250667065378342,0.0,0.005358096065477172,0.009885317933361963,0.14390957982640384,-1.0,0.0,0.0,0.0,0.0,0.0
s101,2,59,1,5,0.2,True,0.0,0.06425837576535699,0.06131123463814846,0.06595079344236783,0.3257369068635318,1.0,1.0,1.0,1.0,1.0,0.0,0.05607038123167155,0.05700879765395894,0.05958944281524927,0.1329032258064516,1.0,1.0,1.0,1.0,1.0,0.010820828418304803,0.0,0.006635568785743268,0.0038671708895032706,0.02545326283770167,-1.0,0.0,0.0,0.0,0.0,0.0
s101,2,60,1,1,0.4,True,0.4156441643201393,0.07820623179313597,0.08453334500517938,0.09645808105124426,0.14499837080482242,1.0,1.0,1.0,1.0,1.0,0.0,0.057634408602150536,0.05560117302052786,0.06392961876832845,0.13106549364613881,1.0,1.0,1.0,1.0,1.0,0.01902910624736183,-1.0,0.01778321530611155,0.026246666841368865,0.029125299354636276,0.011931820155003407,0.0,0.0,0.0,0.0,0.0
s101,3,61,1,5,0.6,True,0.015071271209932742,0.05929297792562116,0.08768960670742086,0.1954936947714993,0.7172835723630139,1.0,1.0,1.0,1.0,1.0,0.0,0.05552297165200391,0.06314760508308895,0.07304007820136853,0.10803519061583577,1.0,1.0,1.0,1.0,1.0,0.045144249611705815,0.009109916161517387,0.0036144761312359537,0.018391365657708537,0.10012413222167273,-1.0,0.0,0.0,0.0,0.0,0.0
s101,3,62,1,4,0.2,True,0.0,0.05457074354522597,0.07314843183885071,0.2804939136186127,0.13933266220218554,1.0,1.0,1.0,1.0,1.0,0.0,0.050948191593352884,0.05356793743890518,0.06576735092864125,0.10733137829912023,1.0,1.0,1.0,1.0,1.0,0.01329644640036471,0.0,0.0029725436401354774,0.015611622502648283,-1.0,0.02669794225109106,0.0,0.0,0.0,0.0,0.0
s101,3,63,1,5,0.6,True,0.0,0.06271185616395053,0.06251732539647803,0.2781644076781294,0.6879191530130384,1.0,1.0,1.0,1.0,1.0,0.0,0.051886608015640275,0.06224828934506354,0.0679960899315738,0.11221896383186705,1.0,1.0,1.0,1.0,1.0,0.07415609114830841,0.0,0.010776450374847799,0.0023214975259013373,0.16766073859940386,-1.0,0.0,0.0,0.0,0.0,0.0
s101,3,64,1,1,0.6,True,0.6156704259737481,0.10406423405941942,0.0840859242399926,0.12988819344139516,0.13170219284807633,1.0,1.0,1.0,1.0,1.0,0.0,0.0558357771260997,0.06365591397849463,0.0673704789833822,0.11421309872922776,1.0,1.0,1.0,1.0,1.0,0.03408454005569723,-1.0,0.04734230568233018,0.01880440304412163,0.05263810505717832,0.013957130327032406,0.0,0.0,0.0,0.0,0.0
s101,3,65,1,3,0.6,True,0.0,0.06770643361880724,0.6374967780841637,0.07790470910355358,0.12298721446530787,1.0,1.0,1.0,1.0,1.0,0.0,0.06467253176930596,0.07624633431085044,0.059628543499511244,0.115386119257087,1.0,1.0,1.0,1.0,1.0,0.008148622067527329,0.0,0.0035899591363569476,-1.0,0.015911893151267266,0.00668374710671559,0.0,0.0,0.0,0.0,0.0
s101,3,66,1,1,0.2,True,0.21956201397703562,0.06615991401740078,0.0798500167782787,0.09945871813950774,0.123113659464165,1.0,1.0,1.0,1.0,1.0,0.0,0.048484848484848485,0.07042033235581624,0.06486803519061583,0.11714565004887585,1.0,1.0,1.0,1.0,1.0,0.014123695195340707,-1.0,0.014418436783631633,0.007922592544988954,0.02846570565826655,0.005044395029190638,0.0,0.0,0.0,0.0,0.0
s101,3,67,1,2,0.2,True,0.0,0.26544695875461405,0.058456495625489366,0.06915568783647744,0.12096409448359377,1.0,1.0,1.0,1.0,1.0,0.0,0.06084066471163246,0.055288367546432064,0.06404692082111436,0.118475073313783,1.0,1.0,1.0,1.0,1.0,0.0025397428881224165,0.0,-1.0,0.0028750621012549145,0.004449987911217017,0.0022827437597942044,0.0,0.0,0.0,0.0,0.0
s101,3,68,1,3,0.4,True,0.0,0.0779095723727404,0.44245536734703805,0.09030118226073933,0.12552584098082414,1.0,1.0,1.0,1.0,1.0,0.0,0.06916911045943304,0.06525904203323558,0.0703030303030303,0.12218963831867058,1.0,1.0,1.0,1.0,1.0,0.0104732688210717,0.0,0.007122497092718492,-1.0,0.023380867243266025,0.00285400768259167,0.0,0.0,0.0,0.0,0.0
s101,3,69,1,3,0.2,True,0.0,0.07607125662012518,0.28025561342845884,0.0805746438871138,0.12298721446530787,1.0,1.0,1.0,1.0,1.0,0.0,0.07585532746823069,0.07065493646138808,0.07378299120234605,0.12218963831867058,1.0,1.0,1.0,1.0,1.0,0.0033476265786179732,0.0,0.0007876906859768755,-1.0,0.007615718760888666,0.0014543283697895002,0.0,0.0,0.0,0.0,0.0
s101,3,70,1,2,0.6,True,0.0,0.6424378595779655,0.09434742222416752,0.0746317289408286,0.12169844813080248,1.0,1.0,1.0,1.0,1.0,0.0,0.07444770283479961,0.08918866080156403,0.0684652981427175,0.12023460410557185,1.0,1.0,1.0,1.0,1.0,0.009663251751630225,0.04719366271639407,-1.0,0.004416939195313471,0.007634335590493841,0.0017497228816496454,0.0,0.0,0.0,0.0,0.0
s101,3,71,1,3,0.6,True,0.0,0.06107779771718144,0.6674301999289962,0.0819071796443005,0.10122408485432077,1.0,1.0,1.0,1.0,1.0,0.0,0.092316715542522,0.0967741935483871,0.07929618768328446,0.10725317693059629,1.0,1.0,1.0,1.0,1.0,0.016073855241872305,0.0,0.03424290094219994,-1.0,0.009776560576394746,0.0053217260086561346,0.0,0.0,0.0,0.0,0.0
s101,3,72,1,1,0.6,True,0.571803737908697,0.11223938956245166,0.11897988065537415,0.12175680736104423,0.10929711170442996,1.0,1.0,1.0,1.0,1.0,0.0,0.07636363636363637,0.10052785923753665,0.07859237536656892,0.1010752688172043,1.0,1.0,1.0,1.0,1.0,0.023767604243074975,-1.0,0.03332457479786803,0.01699208122693663,0.03465116901093404,0.0068487348075502675,0.0,0.0,0.0,0.0,0.0
s101,3,73,1,4,0.4,True,0.0,0.06584866478944476,0.036202175826634174,0.4846734071577596,0.12781644076781296,1.0,1.0,1.0,1.0,1.0,0.0,0.0875464320625611,0.09638318670576734,0.06854349951124145,0.10279569892473119,1.0,1.0,1.0,1.0,1.0,0.028417559081955746,0.0,0.023302420237717666,0.05635496460048474,-1.0,0.020048522883137007,0.0,0.0,0.0,0.0,0.0
s101,3,74,1,2,0.6,True,0.0,0.6535990623617007,0.089192356886146,0.07633873642539989,0.11050320246275952,1.0,1.0,1.0,1.0,1.0,0.0,0.0658455522971652,0.059628543499511244,0.07112414467253178,0.107683284457478,1.0,1.0,1.0,1.0,1.0,0.013593618627605511,0.0,-1.0,0.031171907773630488,0.0042738845445405,0.0023061326399020357,0.0,0.0,0.0,0.0,0.0
s101,3,75,1,3,0.4,True,0.0,0.07230708626953211,0.46207379524664066,0.08535037422856392,0.11137859091638581,1.0,1.0,1.0,1.0,1.0,0.0,0.05958944281524927,0.05321603128054741,0.06787878787878787,0.1103030303030303,1.0,1.0,1.0,1.0,1.0,0.008642389214679044,0.0,0.01132329320978012,-1.0,0.01547951099029014,0.0011446095866513336,0.0,0.0,0.0,0.0,0.0
s101,3,76,1,5,0.6,True,1.9453076747251036e-05,0.06516780710329098,0.07316302164641114,0.19225475749308202,0.6990803557967737,1.0,1.0,1.0,1.0,1.0,0.0,0.05485826001955034,0.072297165200391,0.06850439882697947,0.10459433040078202,1.0,1.0,1.0,1.0,1.0,0.043765690271852425,0.0001027543169555497,0.008587300177969399,0.001445679841760779,0.10027071301420577,-1.0,0.0,0.0,0.0,0.0,0.0
s101,3,77,1,2,0.2,True,0.0,0.27400631252340446,0.061350140791642964,0.06987545167612573,0.12106135986733,1.0,1.0,1.0,1.0,1.0,0.0,0.06385141739980449,0.05173020527859238,0.06842619745845552,0.12699902248289344,1.0,1.0,1.0,1.0,1.0,0.004860599464769496,0.0,-1.0,0.008753319814053109,0.0017301462079766284,0.005140118648859468,0.0,0.0,0.0,0.0,0.0
s101,3,78,1,5,0.4,True,0.0,0.06405898172869766,0.056229118337929124,0.13306390822038391,0.4956157628280883,1.0,1.0,1.0,1.0,1.0,0.0,0.059745845552297165,0.05607038123167155,0.06748778103616813,0.12195503421309874,1.0,1.0,1.0,1.0,1.0,0.025977461590125487,0.0,0.003573259243033605,0.0017240246835930606,0.05786747129898457,-1.0,0.0,0.0,0.0,0.0,0.0
s101,3,79,1,5,0.4,True,0.0,0.06530397864052173,0.05287346259902832,0.1416281252583612,0.5055757381226809,1.0,1.0,1.0,1.0,1.0,0.0,0.06256109481915934,0.05106549364613881,0.07135874877810362,0.11921798631476051,1.0,1.0,1.0,1.0,1.0,0.02904618582685192,0.0,0.0024730455559048214,0.002140863533454445,0.06600021065333905,-1.0,0.0,0.0,0.0,0.0,0.0
s101,3,80,1,1,0.2,True,0.20821114369501467,0.06322249942856586,0.0805406010028061,0.09363738492289288,0.10838768036649596,1.0,1.0,1.0,1.0,1.0,0.0,0.05161290322580645,0.052473118279569894,0.06772238514173998,0.11546432062561095,1.0,1.0,1.0,1.0,1.0,0.015157801226686045,-1.0,0.009370523684710329,0.023140173439128553,0.021167051851506528,0.008002005752128925,0.0,0.0,0.0,0.0,0.0
s101,3,81,1,2,0.4,True,0.0,0.44747912441701565,0.05927352484887391,0.06607237517203815,0.09410425876482689,1.0,1.0,1.0,1.0,1.0,0.0,0.055757575757575756,0.056695992179863146,0.06658846529814272,0.10834799608993158,1.0,1.0,1.0,1.0,1.0,0.005362030402117639,0.0,-1.0,0.002070653980944977,0.0013081590668440704,0.012018504786900246,0.0,0.0,0.0,0.0,0.0
s101,3,82,1,2,0.4,True,0.0,0.4601576671870365,0.06437023095665369,0.06786692150197206,0.10018820851752966,1.0,1.0,1.0,1.0,1.0,0.0,0.07131964809384164,0.06342130987292277,0.06651026392961877,0.098455522971652,1.0,1.0,1.0,1.0,1.0,0.0010827194170419847,0.0,-1.0,0.0010551395008900199,0.00162507086151885,0.0015824291229876086,0.0,0.0,0.0,0.0,0.0
s101,3,83,1,3,0.2,True,0.0,0.0707751564756861,0.2543343886627469,0.0774864679534877,0.10277546772491404,1.0,1.0,1.0,1.0,1.0,0.0,0.05767350928641251,0.06041055718475073,0.06588465298142718,0.10213098729227763,1.0,1.0,1.0,1.0,1.0,0.006710041524429791,0.0,0.011260240466174127,-1.0,0.009937874750443797,0.000932627583800074,0.0,0.0,0.0,0.0,0.0
s101,3,84,1,5,0.4,True,0.0,0.06975873321564222,0.06842619745845552,0.12388691926486822,0.49985653355898907,1.0,1.0,1.0,1.0,1.0,0.0,0.06256109481915934,0.05348973607038123,0.06545454545454545,0.10263929618768329,1.0,1.0,1.0,1.0,1.0,0.022866221551120124,0.0,0.006977121982333851,0.014158764203647476,0.049197050926342675,-1.0,0.0,0.0,0.0,0.0,0.0
s101,3,85,1,5,0.6,True,0.0,0.0627799419325659,0.0636115609635109,0.19346571152059835,0.6943483948780049,1.0,1.0,1.0,1.0,1.0,0.0,0.06588465298142718,0.06627565982404691,0.06643206256109481,0.12480938416422288,1.0,1.0,1.0,1.0,1.0,0.050070099227785506,0.001508872654598398,0.005466797250520507,0.002213754137353973,0.1112383071925893,-1.0,0.0,0.0,0.0,0.0,0.0
s101,3,86,1,4,0.6,True,0.0,0.05896713889010471,0.09156076898012383,0.6480792518346683,0.17268982555453427,1.0,1.0,1.0,1.0,1.0,0.0,0.03018572825024438,0.06858260019550341,0.06858260019550341,0.12023460410557185,1.0,1.0,1.0,1.0,1.0,0.02282253532669239,0.0,0.02440060510010904,0.019536831392186278,-1.0,0.03928127714488623,0.0,0.0,0.0,0.0,0.0
s101,3,87,1,4,0.6,True,0.0,0.05705587409968729,0.05758110717186307,0.6646921793768207,0.1573024418474587,1.0,1.0,1.0,1.0,1.0,0.0,0.048954056695992176,0.059628543499511244,0.07652003910068426,0.10850439882697947,1.0,1.0,1.0,1.0,1.0,0.020978666443655068,0.0,0.006814918627454583,0.03546747159348802,-1.0,0.03844200960332823,0.0,0.0,0.0,0.0,0.0
s101,3,88,1,3,0.6,True,0.0,0.06926267975858731,0.6365630304002957,0.1024593552277712,0.11924249719146204,1.0,1.0,1.0,1.0,1.0,0.0,0.04899315738025415,0.06611925708699902,0.07683284457478005,0.12516129032258064,1.0,1.0,1.0,1.0,1.0,0.012795606880621226,0.0,0.018386784662058217,-1.0,0.02120878454615328,0.004842384369595672,0.0,0.0,0.0,0.0,0.0
s101,3,89,1,3,0.6,True,0.0,0.06845537707357639,0.6543431425472832,0.10066967216702412,0.11052751880869358,1.0,1.0,1.0,1.0,1.0,0.0,0.06256109481915934,0.07925708699902248,0.06901270772238513,0.12089931573802543,1.0,1.0,1.0,1.0,1.0,0.012010623411029275,0.0,0.004759601476907131,-1.0,0.025711733713834662,0.009218019800487122,0.0,0.0,0.0,0.0,0.0
s101,3,90,1,3,0.2,True,0.0,0.06444317999445587,0.2801583480447226,0.07640682219401526,0.10827096190601246,1.0,1.0,1.0,1.0,1.0,0.0,0.0566177908113392,0.05360703812316716,0.07257086999022483,0.1081524926686217,1.0,1.0,1.0,1.0,1.0,0.003831685326694888,0.0,0.007412709658471288,-1.0,0.0045187556512552305,0.0005383684152856246,0.0,0.0,0.0,0.0,0.0
s101,4,91,1,4,0.4,True,0.0,0.07379038337151,0.07208823915612554,0.45435578704716884,0.11741877124640726,1.0,1.0,1.0,1.0,1.0,0.0,0.06099706744868035,0.08082111436950147,0.07085043988269796,0.11131964809384164,1.0,1.0,1.0,1.0,1.0,0.009505484153835673,0.0,0.010156693485531727,0.016469243646722448,-1.0,0.005441907147913226,0.0,0.0,0.0,0.0,0.0
s101,4,92,1,1,0.4,True,0.41714691449886443,0.07767613545177339,0.09025254956887119,0.11481692223146243,0.11872212738847307,1.0,1.0,1.0,1.0,1.0,0.0,0.06256109481915934,0.056226783968719454,0.0720234604105572,0.11225806451612903,1.0,1.0,1.0,1.0,1.0,0.022910244993535712,-1.0,0.01338490802207404,0.03229552632264908,0.03745069184098872,0.005450319525877744,0.0,0.0,0.0,0.0,0.0
s101,4,93,1,2,0.2,True,0.0,0.2512073065756263,0.05863643658540144,0.06872772014803791,0.11061992092324302,1.0,1.0,1.0,1.0,1.0,0.0,0.05020527859237536,0.053763440860215055,0.06733137829912023,0.10850439882697947,1.0,1.0,1.0,1.0,1.0,0.0021021677272227875,0.0,-1.0,0.0041847392980928376,0.0013360167386567469,0.001880044988256181,0.0,0.0,0.0,0.0,0.0
s101,4,94,1,5,0.4,True,0.0018480422909888485,0.0723459924230266,0.057201772175291675,0.149866503260822,0.5062030998477797,1.0,1.0,1.0,1.0,1.0,0.0,0.06838709677419354,0.05219941348973607,0.06959921798631476,0.11147605083088954,1.0,1.0,1.0,1.0,1.0,0.02889781363781246,0.0037824578995737787,0.003950385332499452,0.006388050106818772,0.06616761265478537,-1.0,0.0,0.0,0.0,0.0,0.0
s101,4,95,1,4,0.4,True,0.0,0.0725307966521255,0.06766266419612592,0.45298434513648766,0.1392305335492625,1.0,1.0,1.0,1.0,1.0,0.0,0.06850439882697947,0.06279569892473118,0.072297165200391,0.1267644183773216,1.0,1.0,1.0,1.0,1.0,0.005006363303304474,0.0,0.004036182166001272,0.004258310217109192,-1.0,0.009893244743671271,0.0,0.0,0.0,0.0,0.0
s101,4,96,1,4,0.4,True,0.0,0.05659386352694008,0.07303171337836721,0.4733225368757386,0.12541398578952742,1.0,1.0,1.0,1.0,1.0,0.0,0.06467253176930596,0.05771260997067448,0.07206256109481916,0.12703812316715543,1.0,1.0,1.0,1.0,1.0,0.007205422375826784,0.0,0.0077125685110149824,0.013883676405967528,-1.0,0.003693486565900931,0.0,0.0,0.0,0.0,0.0
s101,4,97,1,4,0.6,True,0.0,0.06691372074135675,0.056798120832786216,0.6533218560180524,0.15792980357255754,1.0,1.0,1.0,1.0,1.0,0.0,0.059628543499511244,0.05552297165200391,0.08074291300097751,0.12023460410557185,1.0,1.0,1.0,1.0,1.0,0.013741790493380668,0.0,0.006817729607215502,0.003927436255031198,-1.0,0.03083233735189495,0.0,0.0,0.0,0.0,0.0
s101,4,98,1,3,0.4,True,0.0,0.07199583704157608,0.4538451437825535,0.08983430841880528,0.1163634418328689,1.0,1.0,1.0,1.0,1.0,0.0,0.058572825024437926,0.037223851417399804,0.07757575757575758,0.11339198435972629,1.0,1.0,1.0,1.0,1.0,0.007373165012928864,0.0,0.011619416436280958,-1.0,0.010969582667136352,0.0027140158697707504,0.0,0.0,0.0,0.0,0.0
s101,4,99,1,2,0.4,True,0.0,0.45615033337710276,0.07450528394197148,0.08023907831322372,0.11772029393598965,1.0,1.0,1.0,1.0,1.0,0.0,0.06420332355816227,0.055992179863147605,0.07417399804496579,0.11573802541544477,1.0,1.0,1.0,1.0,1.0,0.006639614624841378,0.0,-1.0,0.014611507321068702,0.004770619184711258,0.0017485441735554006,0.0,0.0,0.0,0.0,0.0
s101,4,100,1,5,0.4,True,0.0,0.08437285712201456,0.0723459924230266,0.17145941845027063,0.524659206411734,1.0,1.0,1.0,1.0,1.0,0.0,0.0693646138807429,0.05579667644183773,0.07671554252199414,0.11827956989247312,1.0,1.0,1.0,1.0,1.0,0.03246830492397538,0.0,0.012541724456974294,0.013487076947859595,0.07611144677144824,-1.0,0.0,0.0,0.0,0.0,0.0
s101,4,101,1,2,0.6,True,0.0,0.6282468400908459,0.09069510706487115,0.07763722929827889,0.11112570091867155,1.0,1.0,1.0,1.0,1.0,0.0,0.05947214076246335,0.056187683284457474,0.06256109481915934,0.10408602150537635,1.0,1.0,1.0,1.0,1.0,0.0190576146066171,0.0,-1.0,0.04933645966189152,0.012155790650490573,0.005884372347405039,0.0,0.0,0.0,0.0,0.0
s101,4,102,1,5,0.6,True,0.0007732598007032286,0.07849802794434475,0.06441400037933499,0.2779893299874041,0.6984286777257408,1.0,1.0,1.0,1.0,1.0,0.0,0.06482893450635385,0.06256109481915934,0.06834799608993157,0.11163245356793744,1.0,1.0,1.0,1.0,1.0,0.07596639546635932,0.0016144026036987499,0.011964591500874564,0.002139057051894791,0.17483279869837018,-1.0,0.0,0.0,0.0,0.0,0.0
s101,4,103,1,3,0.4,True,0.0,0.0759253585445208,0.45899534585138824,0.09295652723673908,0.1249762915627143,1.0,1.0,1.0,1.0,1.0,0.0,0.06525904203323558,0.06267839687194526,0.08113391984359726,0.12719452590420333,1.0,1.0,1.0,1.0,1.0,0.0057026662272858415,0.0,0.008958917026410732,-1.0,0.009839764560781764,0.002229699380781013,0.0,0.0,0.0,0.0,0.0
s101,4,104,1,1,0.4,True,0.4124538597335901,0.07831322371524586,0.08009804350680615,0.10941383016491346,0.12903225806451613,1.0,1.0,1.0,1.0,1.0,0.0,0.06361681329423265,0.05767350928641251,0.07151515151515152,0.12207233626588465,1.0,1.0,1.0,1.0,1.0,0.017628627944302592,-1.0,0.013163863078166594,0.020171617500501678,0.030509658689156675,0.00539744100228895,0.0,0.0,0.0,0.0,0.0
s101,4,105,1,4,0.6,True,0.0,0.07114476493388386,0.07361044241159792,0.6560161071475468,0.14087431853440519,1.0,1.0,1.0,1.0,1.0,0.0,0.06545454545454545,0.056109481915933526,0.06729227761485826,0.12027370478983383,1.0,1.0,1.0,1.0,1.0,0.01079798842492825,0.0,0.00492613203782075,0.017851459252609288,-1.0,0.016983780704447365,0.0,0.0,0.0,0.0,0.0
s101,4,106,1,2,0.2,True,0.0,0.2699941154442839,0.06164193694285172,0.08318135617124545,0.11092630688201222,1.0,1.0,1.0,1.0,1.0,0.0,0.06263929618768328,0.05587487781036168,0.08011730205278592,0.10846529814271749,1.0,1.0,1.0,1.0,1.0,0.0028065206245905454,0.0,-1.0,0.005176508896439818,0.0027016170637321492,0.002211141849959629,0.0,0.0,0.0,0.0,0.0
s101,4,107,1,2,0.4,True,0.0,0.4578670674000477,0.059827937536170564,0.08029743754346547,0.11081445169071553,1.0,1.0,1.0,1.0,1.0,0.0,0.05266862170087977,0.05196480938416422,0.07597262952101662,0.11096774193548387,1.0,1.0,1.0,1.0,1.0,0.0033526913007387695,0.0,-1.0,0.006285085650385756,0.0038128257388613607,0.0016907484232195028,0.0,0.0,0.0,0.0,0.0
s101,4,108,1,1,0.4,True,0.4019978309819427,0.08706710825150882,0.07961171658812487,0.10898099920728713,0.11329958224517685,1.0,1.0,1.0,1.0,1.0,0.0,0.06940371456500488,0.06256109481915934,0.07233626588465299,0.10787878787878788,1.0,1.0,1.0,1.0,1.0,0.01610202706549135,-1.0,0.014408113833447733,0.014438668471532237,0.030257735996482918,0.004477112247940362,0.0,0.0,0.0,0.0,0.0
s101,4,109,1,5,0.2,True,0.0,0.07560438277819116,0.06834838515146652,0.10843144978917728,0.3150231248449833,1.0,1.0,1.0,1.0,1.0,0.0,0.07100684261974585,0.06842619745845552,0.07233626588465299,0.10850439882697947,1.0,1.0,1.0,1.0,1.0,0.013132219420169164,0.0,0.003916561837809756,0.0012912211340831991,0.030375740368906574,-1.0,0.0,0.0,0.0,0.0,0.0
s101,4,110,1,4,0.2,True,0.0,0.06682131862680732,0.07558006643225709,0.25810828555171356,0.12466504233475827,1.0,1.0,1.0,1.0,1.0,0.0,0.06842619745845552,0.06858260019550341,0.06740957966764417,0.11632453567937438,1.0,1.0,1.0,1.0,1.0,0.003879896701612135,0.0,0.002287792716283148,0.005427372545445809,-1.0,0.006760933920501665,0.0,0.0,0.0,0.0,0.0
s101,4,111,1,1,0.4,True,0.3950336295064268,0.07148033050777393,0.06702557593265344,0.09743559815779362,0.12164495216974755,1.0,1.0,1.0,1.0,1.0,0.0,0.06529814271749755,0.06256109481915934,0.07652003910068426,0.1201564027370479,1.0,1.0,1.0,1.0,1.0,0.008298301455068513,-1.0,0.005326361166311972,0.00472904032772963,0.017401010349589793,0.001434607787257492,0.0,0.0,0.0,0.0,0.0
s101,4,112,1,4,0.6,True,0.0,0.07300253376324632,0.06867422418698296,0.6701828102887323,0.13297150610583447,1.0,1.0,1.0,1.0,1.0,0.0,0.06744868035190615,0.06740957966764417,0.07057673509286413,0.12132942326490714,1.0,1.0,1.0,1.0,1.0,0.005034873290717413,0.0,0.0051776483263065755,0.0034058524135325793,-1.0,0.009615077573806441,0.0,0.0,0.0,0.0,0.0
s101,4,113,1,4,0.6,True,0.0,0.07650895084693833,0.0541622289335337,0.642267645156427,0.13289855706803227,1.0,1.0,1.0,1.0,1.0,0.0,0.06756598240469208,0.05098729227761486,0.07546432062561095,0.12140762463343109,1.0,1.0,1.0,1.0,1.0,0.006949081429735471,0.0,0.007868418479534386,0.010221975408695561,-1.0,0.009591947838603574,0.0,0.0,0.0,0.0,0.0
s101,4,114,1,1,0.6,True,0.6322979433234609,0.0777150416052679,0.08429504481502555,0.11756953259119846,0.12621156193616473,1.0,1.0,1.0,1.0,1.0,0.0,0.06260019550342132,0.05098729227761486,0.08019550342130988,0.12023460410557185,1.0,1.0,1.0,1.0,1.0,0.02344436762442497,-1.0,0.01428983113192583,0.03255745600319244,0.03654021403777091,0.005662936018617079,0.0,0.0,0.0,0.0,0.0
s101,4,115,1,2,0.2,True,0.0,0.275421523856767,0.057016967946192786,0.07961171658812487,0.12023460410557185,1.0,1.0,1.0,1.0,1.0,0.0,0.0647507331378299,0.05227761485826002,0.07620723362658846,0.1183186705767351,1.0,1.0,1.0,1.0,1.0,0.002280575355589657,0.0,-1.0,0.003989596520347647,0.002801408860795091,0.0016389671096879452,0.0,0.0,0.0,0.0,0.0
s101,4,116,1,1,0.2,True,0.22935663811927653,0.06382068153854384,0.07412108567621326,0.08730540844166265,0.12205833005062662,1.0,1.0,1.0,1.0,1.0,0.0,0.05759530791788856,0.05681329423264907,0.07624633431085044,0.12007820136852396,1.0,1.0,1.0,1.0,1.0,0.007892617779903747,-1.0,0.0052185313984257275,0.01463352056011505,0.009281038194837445,0.0018133656881452124,0.0,0.0,0.0,0.0,0.0
s101,4,117,1,2,0.4,True,0.0,0.44594719462316956,0.06903896937599394,0.07168458781362007,0.120750110639374,1.0,1.0,1.0,1.0,1.0,0.0,0.059628543499511244,0.06850439882697947,0.07272727272727274,0.11937438905180842,1.0,1.0,1.0,1.0,1.0,0.0010861512110319582,0.0,-1.0,0.0008700524615197131,0.001293084319950424,0.0016937412700006942,0.0,0.0,0.0,0.0,0.0
s101,4,118,1,1,0.6,True,0.5743909971160814,0.10158396677414491,0.07664512238416908,0.11032326150284744,0.12110512929001134,1.0,1.0,1.0,1.0,1.0,0.0,0.07479960899315738,0.0563049853372434,0.06940371456500488,0.12011730205278592,1.0,1.0,1.0,1.0,1.0,0.018618659348202518,-1.0,0.02182351026317301,0.016831191028700555,0.03341576303863271,0.0012469201556379297,0.0,0.0,0.0,0.0,0.0
s101,4,119,1,4,0.2,True,0.0,0.07975275139454244,0.07791443564192722,0.2902155887230514,0.12869669249062604,1.0,1.0,1.0,1.0,1.0,0.0,0.0727663734115347,0.06975562072336265,0.07233626588465299,0.11949169110459433,1.0,1.0,1.0,1.0,1.0,0.005035986994715103,0.0,0.005795788970794985,0.006906530191671286,-1.0,0.007663227053134498,0.0,0.0,0.0,0.0,0.0
s101,4,120,1,4,0.4,True,0.0,0.07984029023990506,0.06015863984087383,0.4660616759798271,0.138360008364823,1.0,1.0,1.0,1.0,1.0,0.0,0.07198435972629522,0.069208211143695,0.07589442815249267,0.12109481915933529,1.0,1.0,1.0,1.0,1.0,0.008604772905462016,0.0,0.006635642812682465,0.010136255800850306,-1.0,0.014086831300331639,0.0,0.0,0.0,0.0,0.0
s101,5,121,1,4,0.6,True,0.0,0.0668991309337963,0.07689314911269653,0.6822631709487752,0.13983844219761407,1.0,1.0,1.0,1.0,1.0,0.0,0.05994134897360704,0.05337243401759531,0.06807429130009775,0.11632453567937438,1.0,1.0,1.0,1.0,1.0,0.012212693985821385,0.0,0.006278383737062292,0.021756022732019722,-1.0,0.018761087901075054,0.0,0.0,0.0,0.0,0.0
s101,5,122,1,3,0.4,True,0.0,0.07233140261546617,0.4325634778210609,0.09357416242346431,0.11927167680658292,1.0,1.0,1.0,1.0,1.0,0.0,0.06248289345063539,0.06373411534701857,0.0776930596285435,0.11542521994134897,1.0,1.0,1.0,1.0,1.0,0.006685401847317893,0.0,0.007971714434504722,-1.0,0.012944082897739809,0.003305679763650437,0.0,0.0,0.0,0.0,0.0
s101,5,123,1,2,0.2,True,0.0,0.24619813931320914,0.06458421480087344,0.07626578738759769,0.11905769296236315,1.0,1.0,1.0,1.0,1.0,0.0,0.06248289345063539,0.05739980449657869,0.0713978494623656,0.11632453567937438,1.0,1.0,1.0,1.0,1.0,0.0036008198257802557,0.0,-1.0,0.006275450525017745,0.004168267612734267,0.0023870660919562557,0.0,0.0,0.0,0.0,0.0
s101,5,124,1,5,0.2,True,0.0,0.06499759268175252,0.05251844394839099,0.12739819961774704,0.311939812180544,1.0,1.0,1.0,1.0,1.0,0.0,0.05915933528836755,0.057829912023460404,0.07182795698924732,0.11730205278592376,1.0,1.0,1.0,1.0,1.0,0.01948227692853477,0.0,0.005105539875670446,0.004798125061686793,0.04520258807631465,-1.0,0.0,0.0,0.0,0.0,0.0
s101,5,125,1,1,0.4,True,0.40559665018018415,0.07522991105080658,0.08445553269819038,0.10373839502390296,0.13083166766363685,1.0,1.0,1.0,1.0,1.0,0.0,0.06256109481915934,0.05700879765395894,0.07264907135874878,0.12645161290322582,1.0,1.0,1.0,1.0,1.0,0.01648889880190849,-1.0,0.01061134074861657,0.023463091056733432,0.027657971593408888,0.003784821377869902,0.0,0.0,0.0,0.0,0.0
s101,5,126,1,1,0.2,True,0.20546339660446547,0.05854403447085199,0.0732602870301474,0.08599718903041002,0.12221395466460463,1.0,1.0,1.0,1.0,1.0,0.0,0.04758553274682307,0.05333333333333334,0.06729227761485826,0.1226197458455523,1.0,1.0,1.0,1.0,1.0,0.011023542986201748,-1.0,0.009482178978364045,0.017103602523333948,0.01594576301696451,0.000875513644551649,0.0,0.0,0.0,0.0,0.0
s101,5,127,1,5,0.2,True,0.0,0.07428157355937809,0.0591179002348959,0.12389178253405504,0.34055042480656345,1.0,1.0,1.0,1.0,1.0,0.0,0.04934506353861192,0.04926686217008797,0.06271749755620723,0.11655913978494623,1.0,1.0,1.0,1.0,1.0,0.025116064466502754,0.0,0.02078046465336913,0.008732021358682139,0.05187201831683067,-1.0,0.0,0.0,0.0,0.0,0.0
s101,5,128,1,2,0.4,True,0.0,0.44302436984189514,0.062055314823730806,0.07307061953186171,0.12513677944587911,1.0,1.0,1.0,1.0,1.0,0.0,0.06201368523949169,0.055405669599217985,0.07163245356793745,0.12520039100684263,1.0,1.0,1.0,1.0,1.0,0.002421578954766586,0.0,-1.0,0.005404551097328333,0.0013833959301504017,0.0004541794457386925,0.0,0.0,0.0,0.0,0.0
s101,5,129,1,3,0.6,True,0.0,0.06573680959814807,0.6435612747601193,0.08759234132368461,0.1005918598600351,1.0,1.0,1.0,1.0,1.0,0.0,0.05966764418377322,0.04973607038123167,0.06651026392961877,0.123088954056696,1.0,1.0,1.0,1.0,1.0,0.012896676589786599,0.0,0.006722913977287985,-1.0,0.018122094767744797,0.02066881702556885,0.0,0.0,0.0,0.0,0.0
s101,5,130,1,4,0.2,True,0.0,0.05723581505959936,0.08819538670284939,0.28999674160964484,0.11554641260948435,1.0,1.0,1.0,1.0,1.0,0.0,0.05180840664711633,0.08023460410557184,0.07358748778103617,0.10271749755620724,1.0,1.0,1.0,1.0,1.0,0.006378287222576966,0.0,0.004576727642638873,0.006426826119880014,-1.0,0.011599641902398131,0.0,0.0,0.0,0.0,0.0
s101,5,131,1,5,0.4,True,0.0,0.06219148636096156,0.056413922567028006,0.18997874751365365,0.5111976773026364,1.0,1.0,1.0,1.0,1.0,0.0,0.04770283479960899,0.0521603128054741,0.07976539589442815,0.10545454545454545,1.0,1.0,1.0,1.0,1.0,0.04045569420745868,0.0,0.012634163361524585,0.0037074533572002836,0.090980194453544,-1.0,0.0,0.0,0.0,0.0,0.0
s101,5,132,1,4,0.4,True,0.0,0.06109725079392869,0.09927391391040885,0.45422447877912486,0.13143957631198844,1.0,1.0,1.0,1.0,1.0,0.0,0.05689149560117302,0.06087976539589443,0.07534701857282503,0.11996089931573803,1.0,1.0,1.0,1.0,1.0,0.013534572754836495,0.0,0.003914952960801717,0.03087896405807125,-1.0,0.009667745683227735,0.0,0.0,0.0,0.0,0.0
s101,5,133,1,4,0.6,True,0.0,0.07498188432227913,0.08698929594451983,0.6311161689110654,0.1567285760834148,1.0,1.0,1.0,1.0,1.0,0.0,0.057517106549364615,0.05724340175953079,0.07022482893450635,0.12218963831867058,1.0,1.0,1.0,1.0,1.0,0.019282105956523413,0.0,0.01606903136306762,0.02809599317703995,-1.0,0.029967498242931004,0.0,0.0,0.0,0.0,0.0
s101,5,134,1,3,0.4,True,0.0,0.07209310242531235,0.43999455313851077,0.08375522193528934,0.12888149671972493,1.0,1.0,1.0,1.0,1.0,0.0,0.06275659824046921,0.05059628543499511,0.07589442815249267,0.12570869990224828,1.0,1.0,1.0,1.0,1.0,0.004890621683656649,0.0,0.007969564095957756,-1.0,0.007042315325373587,0.0028492611282424953,0.0,0.0,0.0,0.0,0.0
s101,5,135,1,4,0.2,True,0.0,0.06015377657168702,0.08170292233845436,0.272459792921998,0.13415328051822997,1.0,1.0,1.0,1.0,1.0,0.0,0.05591397849462366,0.06447702834799608,0.07159335288367547,0.1270772238514174,1.0,1.0,1.0,1.0,1.0,0.006920575276328383,0.0,0.003704243391598254,0.01455231725205396,-1.0,0.005948205429603391,0.0,0.0,0.0,0.0,0.0
s101,5,136,1,3,0.2,True,0.0,0.06669487362795018,0.24049352455707776,0.0801564027370479,0.12808878384227446,1.0,1.0,1.0,1.0,1.0,0.0,0.056226783968719454,0.057517106549364615,0.07663734115347019,0.12746823069403715,1.0,1.0,1.0,1.0,1.0,0.005113276051588621,0.0,0.011722136176915596,-1.0,0.002967819494750257,0.0008493271643965229,0.0,0.0,0.0,0.0,0.0
s101,5,137,1,2,0.6,True,0.0,0.631724077559417,0.07537094585722415,0.08496131269361891,0.13079276151014235,1.0,1.0,1.0,1.0,1.0,0.0,0.061388074291300096,0.058455522971652,0.0732355816226784,0.12879765395894427,1.0,1.0,1.0,1.0,1.0,0.007988643560235308,0.0,-1.0,0.014418566366479596,0.010009705655885635,0.0017815088100101894,0.0,0.0,0.0,0.0,0.0
s101,5,138,1,2,0.2,True,0.0,0.25820555093544983,0.0636164242326977,0.07240921492245518,0.12891553960403263,1.0,1.0,1.0,1.0,1.0,0.0,0.07264907135874878,0.06416422287390029,0.07417399804496579,0.1289149560117302,1.0,1.0,1.0,1.0,1.0,0.0008998263072339672,0.0,-1.0,0.0008777653552673715,0.00164554482845811,0.00048380419284025343,0.0,0.0,0.0,0.0,0.0
s101,5,139,1,4,0.2,True,0.0,0.07618311181142187,0.06852346284219178,0.2693570271808115,0.1309337963165599,1.0,1.0,1.0,1.0,1.0,0.0,0.06854349951124145,0.059276637341153474,0.07300097751710656,0.12852394916911045,1.0,1.0,1.0,1.0,1.0,0.004256586532984883,0.0,0.006490356519400128,0.007559157434966427,-1.0,0.0020463225099783653,0.0,0.0,0.0,0.0,0.0
s101,5,140,1,1,0.2,True,0.19276540075769735,0.07423780413669677,0.07095996070478497,0.09038872110610195,0.126775701161835,1.0,1.0,1.0,1.0,1.0,0.0,0.06881720430107527,0.057869012707722385,0.0673704789833822,0.12117302052785923,1.0,1.0,1.0,1.0,1.0,0.009526587738392014,-1.0,0.00421519459271289,0.010417385097279587,0.018259015948395525,0.004300729593830577,0.0,0.0,0.0,0.0,0.0
s101,5,141,1,1,0.4,True,0.41570252355038106,0.08338561347709157,0.0721174187712464,0.09943926506276049,0.12511246309994506,1.0,1.0,1.0,1.0,1.0,0.0,0.05083088954056696,0.04797653958944281,0.07296187683284458,0.1221505376344086,1.0,1.0,1.0,1.0,1.0,0.02781507829813488,-1.0,0.06608878003523617,0.022150869458639134,0.02319131275524853,0.002555140965907961,0.0,0.0,0.0,0.0,0.0
s101,5,142,1,3,0.6,True,0.0,0.07128579974030141,0.6327939967805157,0.10350982137212278,0.12250575081581341,1.0,1.0,1.0,1.0,1.0,0.0,0.05560117302052786,0.05567937438905181,0.06897360703812316,0.12050830889540567,1.0,1.0,1.0,1.0,1.0,0.013493794579802772,0.0,0.012495279234755475,-1.0,0.0281613077849796,0.0018883822194615393,0.0,0.0,0.0,0.0,0.0
s101,5,143,1,1,0.2,True,0.23156942559927635,0.06955447590979609,0.08121659541977308,0.089192356886146,0.11933489930601149,1.0,1.0,1.0,1.0,1.0,0.0,0.06087976539589443,0.04410557184750733,0.06756598240469208,0.118475073313783,1.0,1.0,1.0,1.0,1.0,0.019399107339572716,-1.0,0.00822033163509848,0.034036181214545054,0.02024213349306677,0.0009132480878360573,0.0,0.0,0.0,0.0,0.0
s101,5,144,1,4,0.4,True,0.0,0.07050767667041138,0.08515584346109142,0.4647048238767064,0.13863721470847132,1.0,1.0,1.0,1.0,1.0,0.0,0.06334310850439882,0.059745845552297165,0.07257086999022483,0.11839687194525905,1.0,1.0,1.0,1.0,1.0,0.011843611219746007,0.0,0.006080116833606075,0.02130133920585528,-1.0,0.016909484206377237,0.0,0.0,0.0,0.0,0.0
s101,5,145,1,2,0.6,True,0.0,0.6684563497274137,0.07664025911498228,0.07446637778847698,0.12205833005062662,1.0,1.0,1.0,1.0,1.0,0.0,0.06263929618768328,0.06459433040078201,0.07343108504398828,0.12027370478983383,1.0,1.0,1.0,1.0,1.0,0.033537751248826686,0.0,-1.0,0.15184910370191948,0.005045306845167144,0.0019793526789713078,0.0,0.0,0.0,0.0,0.0
s101,5,146,1,5,0.6,True,0.0,0.0634997057722142,0.04598221016131464,0.2886447527757109,0.6971058685069277,1.0,1.0,1.0,1.0,1.0,0.0,0.057829912023460404,0.06447702834799608,0.07194525904203324,0.11964809384164224,1.0,1.0,1.0,1.0,1.0,0.08713654521357925,0.0,0.005912764214873798,0.017680947231994863,0.18787111396052272,-1.0,0.0,0.0,0.0,0.0,0.0
s101,5,147,1,5,0.4,False,0.0,0.06587784440456564,0.0529415483676437,0.1702970971146224,0.46942705825710157,1.0,1.0,1.0,1.0,1.0,0.0,0.05958944281524927,0.0633822091886608,0.07581622678396872,0.11131964809384164,1.0,1.0,1.0,1.0,1.0,0.038233957313660256,0.0,0.004293554169237625,0.013186696966620129,0.08977335603920357,-1.0,0.0,0.0,0.0,0.0,0.0
s101,5,148,1,1,0.2,True,0.2206902924283762,0.10091283562636474,0.07681533680570754,0.09586962547963992,0.1125165959061,1.0,1.0,1.0,1.0,1.0,0.0,0.04774193548387097,0.05180840664711633,0.06842619745845552,0.11335288367546431,1.0,1.0,1.0,1.0,1.0,0.027137762977301968,-1.0,0.053593331909401375,0.020673336566029106,0.02461295772283627,0.002563868564250581,0.0,0.0,0.0,0.0,0.0
s101,5,149,1,4,0.2,True,0.0,0.07507914970601537,0.07558492970144391,0.2998934944048088,0.13042315305194457,1.0,1.0,1.0,1.0,1.0,0.0,0.06905180840664711,0.06455522971652004,0.06565004887585532,0.11370478983382208,1.0,1.0,1.0,1.0,1.0,0.0076026536610713,0.0,0.004922764788268691,0.009435642077620602,-1.0,0.01385116495686912,0.0,0.0,0.0,0.0,0.0
s101,5,150,1,5,0.4,True,0.0,0.06490032729801627,0.06024131541704965,0.19197755114943366,0.49110264902272605,1.0,1.0,1.0,1.0,1.0,0.0,0.05947214076246335,0.05700879765395894,0.06682306940371456,0.11589442815249267,1.0,1.0,1.0,1.0,1.0,0.04312956682028438,0.0,0.004924212442519642,0.003502667235712771,0.10169174352006352,-1.0,0.0,0.0,0.0,0.0,0.0
